{
    "notes": [
        {
            "id" : 1 ,
            "title": "Note 1", 
            "content": "This is the content of note 1", 
            "important": true
        
        },
        {
            "id" : 2 ,
            "title": "Note 2", 
            "content": "This is the content of note 2" ,
            "important": true
        
        },
        {
            "id" :3 ,
            "title": "Note 3", 
            "content": "This is the content of note 3" ,
            "important": false
        
        }
    ]
}